{
	"format_version": "1.8.0",
	"animations": {
		"animation.m4.first_person_hold": {
			"loop": true,
			"animation_length": 0.375,
			"bones": {
				"root_item": {
					"rotation": [66, 60, -60],
					"position": [3, 23, 4]
				},
				"Main": {
					"rotation": {
						"0.0": [151.34091, 3.46127, 42.0308],
						"0.1667": [151.49673, 4.65742, 44.23163],
						"0.3333": [151.34091, 3.46127, 42.0308]
					},
					"position": {
						"0.0": [8, -1, -29],
						"0.1667": [7, 0, -29],
						"0.3333": [8, -1, -29]
					}
				},
				"patron": {
					"rotation": {
						"0.0": [0, 0, 0],
						"0.125": [0, 0, 0],
						"0.1667": [-37.5, 0, 0],
						"0.3333": [0, 0, 0]
					},
					"position": {
						"0.0": [0, 0, 0],
						"0.125": [0, 0, 0],
						"0.1667": [0, 9.6, -6.5],
						"0.25": [0, 4.3, -4.15],
						"0.3333": [0, 0, 0]
					}
				},
				"leftArm": {
					"position": [0, 2.1, 0.2]
				},
				"RightArm": {
					"position": [1.2, 0, -0.8]
				},
				"patrons": {
					"rotation": {
						"0.0": [0, 0, 0],
						"0.125": [0, 0, 0]
					},
					"position": {
						"0.0": [0, 0, 0],
						"0.125": [0, 0, 0],
						"0.1667": [-0.1, -0.2, -1.6],
						"0.25": [0, -0.2, -2],
						"0.3333": [-23, 4.8, -13]
					}
				}
			}
		},
		"animation.m4.third_person_hold": {
			"loop": true,
			"bones": {
				"root_item": {
					"rotation": [90, 0, 0],
					"position": [0.5, 22.5, -0.5]
				}
			}
		}
	}
}