{
	"format_version": "1.8.0",
	"animations": {
		"first_person_hold": {
			"animation_length": 3.0833,
			"bones": {
				"main": {
					"rotation": {
						"0.0": [150.07539, 9.23474, 41.05596],
						"0.8333": [150.07539, 9.23474, 41.05596],
						"1.1667": [150.52023, 19.46199, 43.94262],
						"1.5833": [150.07539, 9.23474, 41.05596]
					},
					"position": {
						"0.0": [-1.2, 4.6, -4.5],
						"0.8333": [-1.2, 4.6, -4.5],
						"1.1667": [0.8, 2.6, -4.5],
						"1.5833": [-1.2, 4.6, -4.5]
					}
				}
			},
			"particle_effects": {
				"0.8333": {
					"effect": "bolt",
					"locator": "locator3"
				}
			}
		},
		"reload": {
			"animation_length": 3.2917,
			"bones": {
				"main": {
					"rotation": {
						"0.0": [150.07539, 9.23474, 41.05596],
						"0.375": [157.52056, 15.79504, 43.5015],
						"1.5417": [157.52056, 15.79504, 43.5015],
						"2.75": [157.52056, 15.79504, 43.5015],
						"3.0": [150.07539, 9.23474, 41.05596]
					},
					"position": {
						"0.0": [0.5, 2.6, -4.4],
						"3.0": [0.5, 2.6, -4.4]
					}
				},
				"ReloadPatron": {
					"rotation": {
						"0.0": [0, 0, 0],
						"0.7917": [0, 0, 0],
						"1.0417": [-25.08377, 4.53051, -2.11751],
						"1.3333": [-53.32384, 7.06026, -10.63651],
						"2.0": [0, 0, 0]
					},
					"position": {
						"0.0": [0, 0, 0],
						"0.7917": [0, 0, 0],
						"1.0417": [0, 0.1, -2.6],
						"1.3333": [0, -7, 0.74],
						"1.4167": [10.1, -5.35, -8.26],
						"1.5417": [10.84, -4.2, -7.79],
						"2.0": [0, 0, 0]
					}
				},
				"ReloadPensil": {
					"rotation": {
						"0.0": [0, 0, 0],
						"2.4167": [0, 0, 0]
					},
					"position": {
						"0.0": [0, 0, 0],
						"0.5": [0, 0, 0],
						"0.875": [-2.25, 0, 0],
						"1.7083": [-2.25, 0, 0],
						"2.1667": [-2.25, 0, 0],
						"2.4167": [0, 0, 0]
					}
				},
				"leftArm": {
					"rotation": {
						"0.0": [0, 0, 0],
						"2.0": [0, 0, 0]
					},
					"position": {
						"0.0": [0, 0, 0],
						"2.0": [0, 0, 0]
					}
				},
				"RightArm": {
					"rotation": {
						"0.0": [0, 0, 0],
						"0.875": [0, 0, 0],
						"1.2917": [-4.21141, -37.71605, 30.90093],
						"1.4167": [-9.49084, -37.012, 35.80188],
						"2.0": [0, -13.5, 0],
						"2.1667": [0, -11.5, 0],
						"3.0": [0, 0, 0]
					},
					"position": {
						"0.0": [0, 0, 0],
						"0.5": [0, 4, 3.4],
						"0.875": [-2.43, 3.97, 3.37],
						"1.2917": [-6.23, -2.4, 4.42],
						"1.4167": [-5.07, -4.05, 3.9],
						"2.0": [-8.525, 4.7, 4.225],
						"2.1667": [-4.52, 4.7, 4.23],
						"2.4167": [-2.52, 4.7, 4.23],
						"2.75": [0, 4, 3.4],
						"3.0": [0, 0, 0]
					}
				}
			}
		}
	}
}