{
	"format_version": "1.8.0",
	"animations": {
		"animation.usp.first_person_hold": {
			"loop": true,
			"animation_length": 1,
			"bones": {
				"root_item": {
					"rotation": [66, 60, -60],
					"position": [3, 23, 4]
				},
				"main": {
					"rotation": {
						"0.0": [-266.38506, -60.8404, 129.79395],
						"0.25": [-259.88506, -60.8404, 129.79395],
						"0.5833": [-266.38506, -60.8404, 129.79395]
					},
					"position": {
						"0.0": [10, -11, -17],
						"0.25": [9, -13, -18],
						"0.5833": [10, -11, -17]
					}
				},
				"LeftArm": {
					"rotation": {
						"0.0": [0, 7.5, -12.5],
						"0.5833": [0, 7.5, -12.5]
					},
					"position": {
						"0.0": [1, 0.6, 1.5],
						"0.5833": [1, 0.6, 1.5]
					}
				},
				"RightArm": {
					"rotation": {
						"0.0": [0, -5, 5],
						"0.5833": [0, -5, 5]
					},
					"position": {
						"0.0": [0, -2.2, 3.5],
						"0.5833": [0, -2.2, 3.5]
					}
				}
			}
		},
		"animation.usp.third_person_hold": {
			"loop": true,
			"bones": {
				"root_item": {
					"rotation": [90, 0, 0],
					"position": [0.5, 22.5, -0.5]
				}
			}
		}
	}
}