{
	"format_version": "1.8.0",
	"animations": {
		"reload": {
			"animation_length": 3.0556,
			"bones": {
				"LeftArm": {
					"rotation": {
						"0.0": [0, 0, 0],
						"1.0": [0, 7.5, 0],
						"3.0": [0, 0, 0]
					},
					"position": {
						"0.0": [0, 0, 0],
						"1.0": [0, -1, 0],
						"3.0": [0, 0, 0]
					}
				},
				"RightArm": {
					"rotation": {
						"0.0": [0, 0, 0],
						"1.3333": [0, 2.5, -2.5],
						"2.0556": [0, -17.5, -2.5],
						"3.0": [0, 0, 0]
					},
					"position": {
						"0.0": [0, 0, 0],
						"1.0": [0, -7, 4],
						"1.3333": [2, -3, 0],
						"1.6667": [2, -8, -1],
						"2.0556": [2, -9, 9],
						"2.7778": [2, -3, 4],
						"3.0": [0, 0, 0]
					}
				},
				"reload1": {
					"position": {
						"0.0": [0, 0, 0],
						"1.5556": [0, 0, 0],
						"1.6667": [0, -6, 0],
						"2.0556": [0, -18, 0]
					}
				},
				"reload3": {
					"rotation": {
						"0.0": [0, 0, 0],
						"0.8889": [0, 0, 0],
						"2.0556": [0, 0, 0]
					},
					"position": {
						"0.0": [0, 0, 0],
						"0.8889": [0, 0, 0],
						"2.0556": [0, 0, 0],
						"2.4444": [-1, 4, -12],
						"2.7778": [-1, 12, -18]
					}
				},
				"main": {
					"rotation": {
						"0.0": [152.94529, 4.87383, 46.57019],
						"1.3333": [151.87664, 15.96238, 40.69317],
						"3.0": [152.94529, 4.87383, 46.57019]
					},
					"position": {
						"0.0": [8, -3, 1],
						"1.0": [9, -7, 1],
						"1.3333": [8, -8, 1],
						"3.0": [8, -3, 1]
					}
				}
			}
		}
	}
}