{
	"format_version": "1.8.0",
	"animations": {
		"animation.magnum.first_person_hold": {
			"loop": true,
			"animation_length": 0.75,
			"bones": {
				"root_item": {
					"rotation": [66, 60, -60],
					"position": [3, 23, 4]
				},
				"reload": {
					"rotation": {
						"0.0": [0, 0, 0],
						"0.2083": [0, 0, 0],
						"0.5": [0, 0, 0],
						"0.75": [0, 0, 0]
					},
					"position": {
						"0.0": [0, 0, 0],
						"0.2083": [0, 0, 0],
						"0.5": [0, 0, 0],
						"0.75": [0, 0, 0]
					}
				},
				"main": {
					"rotation": {
						"0.0": [76.77425, 61.77225, -55.03499],
						"0.2083": [76.77425, 61.77225, -55.03499],
						"0.375": [71.77425, 61.77225, -55.03499],
						"0.5": [76.77425, 61.77225, -55.03499],
						"0.75": [76.77425, 61.77225, -55.03499]
					},
					"position": {
						"0.0": [2.3, -22, -19.7],
						"0.2083": [2.3, -22, -19.7],
						"0.375": [2.3, -22, -19.7],
						"0.5": [2.3, -22, -19.7],
						"0.75": [2.3, -22, -19.7]
					}
				},
				"RightArm": {
					"rotation": {
						"0.0": [0, 0, 0],
						"0.2083": [0, 0, 0],
						"0.5": [0, 0, 0],
						"0.75": [0, 0, 0]
					},
					"position": {
						"0.0": [0, 0, 0],
						"0.2083": [0, 0, 0],
						"0.5": [0, 0, 0],
						"0.75": [0, 0, 0]
					}
				},
				"P": {
					"rotation": {
						"0.0": [0, 0, 0],
						"0.2083": [0, 0, 0]
					},
					"position": {
						"0.0": [0, 0, 0],
						"0.2083": [0, 0, 0],
						"0.375": [0, -12.9, -125],
						"0.5": [0, -2.1, -125],
						"0.75": [0, -2.1, -125]
					}
				}
			}
		},
		"reload": {
			"animation_length": 2,
			"bones": {
				"main": {
					"rotation": {
						"0.0": [76.77425, 61.77225, -55.03499],
						"0.375": [40.28287, 56.85646, -70.18104],
						"0.625": [40.28287, 56.85646, -70.18104],
						"1.5417": [40.28287, 56.85646, -70.18104],
						"2.0": [76.77425, 61.77225, -55.03499]
					},
					"position": {
						"0.0": [2.3, -22, -19.7],
						"0.375": [0.3, -22, -19.7],
						"0.625": [0.3, -22, -19.7],
						"1.5417": [0.3, -22, -19.7],
						"2.0": [2.3, -22, -19.7]
					}
				},
				"reload": {
					"rotation": {
						"0.0": [0, 0, 0],
						"0.375": [0, 0, 0],
						"0.6667": [0, 0, 45],
						"1.5417": [0, 0, 45],
						"1.7083": [0, 0, 0]
					},
					"position": {
						"0.0": [0, 0, 0],
						"0.375": [0, 0, 0],
						"0.6667": [1.21, -0.56, 0],
						"1.5417": [1.21, -0.56, 0],
						"1.7083": [0, 0, 0]
					}
				},
				"LeftArm": {
					"rotation": {
						"0.0": [0, 0, 0],
						"0.375": [0, 0, 0],
						"1.625": [0, 0, 0]
					},
					"position": {
						"0.0": [0, 0, 0],
						"0.375": [0, 0, 0],
						"0.625": [7.7, -3, 0],
						"1.0": [2, 2, 0],
						"1.1667": [1.4, 2.5, -1],
						"1.375": [1.4, 3, 0],
						"1.625": [0, 0, 0]
					}
				},
				"reloadP": {
					"rotation": [0, 0, 0],
					"position": {
						"0.0": [0, 0, 0],
						"0.5417": [-3.575, 5.45, -0.6],
						"1.0": [-10.77, 11.4, -0.5],
						"1.1667": [-11.17, 11.7, -1.6],
						"1.5417": [-11.17, 11.7, -1.6],
						"1.7083": [-12.47, 11.8, -1.6]
					}
				},
				"octagon": {
					"position": {
						"0.0": [0, 0, 0],
						"1.0": [0, -0.3, 0]
					}
				},
				"ReloadP1": {
					"rotation": [0, 0, 0],
					"position": {
						"0.0": [0, 0, 0],
						"0.5417": [-3.5, 5.6, -0.6],
						"1.0": [-10.7, 11.8, -0.6],
						"1.1667": [-11.1, 12.1, -1.5],
						"1.375": [-1.1, -6.9, -1.5]
					}
				}
			}
		}
	}
}