{
	"format_version": "1.8.0",
	"animations": {
		"animation.grenade.first_person_hold": {
			"loop": true,
			"animation_length": 1.25,
			"bones": {
				"root_item": {
					"rotation": [66, 60, -60],
					"position": [3, 23, 4]
				},
				"main": {
					"rotation": {
						"0.0": [151.5068, 2.8027, 44.96463],
						"0.375": [151.5068, 2.8027, 44.96463],
						"0.5833": [151.715, 6.46479, 47.54011],
						"0.7917": [151.5068, 2.8027, 44.96463],
						"1.25": [151.5068, 2.8027, 44.96463]
					},
					"position": {
						"0.0": [-2.3, 2, 0.3],
						"0.375": [-2.3, 2, 0.3],
						"0.5833": [-2.9, 1, -0.4],
						"0.7917": [-2.3, 2, 0.3],
						"1.25": [-2.3, 2, 0.3]
					}
				}
			}
		},
		"animation.grenade.third_person_hold": {
			"loop": true,
			"bones": {
				"root_item": {
					"rotation": [90, 0, 0],
					"position": [0.5, 22.5, -0.5]
				}
			}
		}
	}
}