{
	"format_version": "1.8.0",
	"animations": {
		"animation.striker.first_person_hold": {
			"loop": true,
			"animation_length": 0.875,
			"bones": {
				"root_item": {
					"rotation": [66, 60, -60],
					"position": [3, 23, 4]
				},
				"main": {
					"rotation": {
						"0.0": [79.56726, 61.77024, -56.11438],
						"0.1667": [77.06726, 61.77024, -56.11438],
						"0.375": [65.61939, 60.73018, -63.56546],
						"0.5833": [79.56726, 61.77024, -56.11438],
						"0.875": [79.56726, 61.77024, -56.11438]
					},
					"position": {
						"0.0": [9, -6, 9],
						"0.375": [8, -7, 9],
						"0.5833": [9, -6, 9],
						"0.875": [9, -6, 9]
					}
				},
				"RightArm": {
					"rotation": [-7.32677, 0.04174, 0.66775],
					"position": [0.175, 0, 1.425]
				}
			}
		},
		"animation.striker.third_person_hold": {
			"loop": true,
			"bones": {
				"root_item": {
					"rotation": [90, 0, 0],
					"position": [0.5, 22.5, -0.5]
				}
			}
		}
	}
}