{
	"format_version": "1.8.0",
	"animations": {
		"animation.mp5.first_person_hold": {
			"loop": true,
			"animation_length": 1.4167,
			"bones": {
				"root_item": {
					"rotation": [66, 60, -60],
					"position": [3, 23, 4]
				},
				"main": {
					"rotation": {
						"0.0": [77.49566, 61.32476, -58.01325],
						"0.5833": [77.5, 61.32, -58.01],
						"1.0833": [77.5, 61.32, -58.01]
					},
					"position": {
						"0.0": [-7, 5, -14],
						"0.5833": [-7, 5, -14],
						"0.8333": [-8, 6, -14],
						"1.0833": [-7, 5, -14]
					}
				},
				"leftArm": {
					"position": [-1, -1, 0]
				},
				"patron": {
					"rotation": {
						"0.0": [0, 0, 0],
						"0.5833": [0, 0, 0]
					},
					"position": {
						"0.0": [0, 0, 0],
						"0.5833": [0, 0, 0],
						"0.7917": [0, 0, 1.2],
						"1.125": [0, 0, -0.1]
					}
				},
				"9mm": {
					"rotation": {
						"0.0": [0, 0, 0],
						"0.5833": [0, 0, 0],
						"1.4167": [-18.68909, 4.27989, -49.12359]
					},
					"position": {
						"0.0": [0, 0, 0],
						"0.5833": [0, 0, 0],
						"0.8333": [-0.11, 0.07, 0.14],
						"0.9583": [-1.3, -0.5, -0.3],
						"1.4167": [2.7, -9.5, -0.3]
					}
				}
			}
		},
		"animation.mp5.third_person_hold": {
			"loop": true,
			"bones": {
				"root_item": {
					"rotation": [90, 0, 0],
					"position": [0.5, 22.5, -0.5]
				},
				"main": {
					"rotation": [60, 0, 0],
					"position": [8.3, -2.3, -7.7]
				}
			}
		},
		"reload": {
			"animation_length": 5.0417,
			"bones": {
				"main": {
					"rotation": {
						"0.0": [77.49566, 61.32476, -58.01325],
						"1.5": [37.52199, 63.95113, -100.73805],
						"3.5": [37.52199, 63.95113, -100.73805],
						"5.0417": [77.49566, 61.32476, -58.01325]
					},
					"position": {
						"0.0": [-7, 5, -14],
						"1.5": [-6, 1, -16],
						"3.5": [-6, 1, -16],
						"5.0417": [-7, 5, -14]
					}
				},
				"reload": {
					"position": {
						"0.0": [0, 0, 0],
						"1.0": [0, 0, 0],
						"1.5": [0, 0, 1.8],
						"3.5": [0, 0, 1.78],
						"4.3333": [0, 0, 0.78],
						"5.0417": [0, 0, 0]
					}
				},
				"leftArm": {
					"position": {
						"0.0": [-1, -1, 0],
						"1.0": [0.1, 3.6, -2.1],
						"1.5": [-0.08, 2.83, 0.35],
						"2.0": [-2.56, -4.04, 2.68],
						"3.0": [-2.11, -13.19, 1.34],
						"3.5": [-1.55, -4.09, 2.67],
						"4.0": [-1.37, 3.91, 4.8],
						"4.3333": [-0.98, 5.06, -1.7],
						"5.0417": [-1, -1, 0]
					}
				},
				"shop": {
					"rotation": [0, 0, 0],
					"position": {
						"2.0": [0, 0, 0],
						"3.0": [0, -8, 0],
						"3.5": [0, 0, 0]
					}
				}
			}
		}
	}
}