{
	"format_version": "1.8.0",
	"animations": {
		"animation.benelli.third_person_hold": {
			"loop": true,
			"bones": {
				"root_item": {
					"rotation": [90, 0, 0],
					"position": [0.5, 22.5, -0.5]
				},
				"main": {
					"rotation": [45, 0, 0],
					"position": [4, -12.5, -15.4]
				}
			}
		},
		"first_person_hold": {
			"loop": true,
			"animation_length": 0.9167,
			"bones": {
				"main": {
					"rotation": {
						"0.0": [77.11792, 60.96169, -57.62013],
						"0.1667": [77.11792, 60.96169, -57.62013],
						"0.25": [72.1248, 60.96169, -57.62013],
						"0.75": [77.11792, 60.96169, -57.62013],
						"0.9167": [77.11792, 60.96169, -57.62013]
					},
					"position": {
						"0.0": [-10.4, 3.8, -18.5],
						"0.1667": [-10.4, 3.8, -18.5],
						"0.25": [-10.4, 3.8, -18.5],
						"0.75": [-10.4, 3.8, -18.5],
						"0.9167": [-10.4, 3.8, -18.5]
					}
				},
				"Reload2": {
					"rotation": {
						"0.0": [0, 0, 0],
						"0.25": [0, 0, 0],
						"0.5": [0, 0, 0]
					},
					"position": {
						"0.0": [0, 0, 0],
						"0.25": [0, 0, 0],
						"0.3333": [0, 0, 2.6],
						"0.4167": [0, 0, 2.6],
						"0.5": [0, 0, 0]
					}
				},
				"ReloadPatron": {
					"rotation": {
						"0.0": [-75, 0, 0],
						"0.25": [0, 0, 0],
						"0.5": [-62.5, 0, 0]
					},
					"position": {
						"0.0": [0, 0, 0],
						"0.25": [0, 0, 0],
						"0.375": [-4.5, 16, 5],
						"0.5": [-7.51, 23.49, 8.79],
						"0.5833": [-9, 22, 15],
						"0.6667": [-9, 16, 19]
					}
				},
				"patrons": {
					"rotation": [0, 0, 0],
					"position": {
						"0.0": [0, 2.2, 9.8],
						"0.0833": [0.03, 2.18, 6.53],
						"0.125": [0.05, 1.95, 4.9],
						"0.25": [0.1, 0.05, 0],
						"0.3333": [0, -2.9, 0],
						"0.4583": [-0.1, -0.3, -7.6],
						"0.5833": [-0.1, 0.1, -14]
					}
				}
			}
		},
		"reload": {
			"animation_length": 2.75,
			"bones": {
				"main": {
					"rotation": {
						"0.0": [77.11792, 60.96169, -57.62013],
						"0.375": [21.80756, 61.35425, -118.21435],
						"2.0833": [21.80756, 61.35425, -118.21435],
						"2.4583": [77.11792, 60.96169, -57.62013]
					},
					"position": {
						"0.0": [-10.4, 3.8, -18.5],
						"0.375": [-12.2, 3.2, -20.7],
						"2.0833": [-12.2, 3.2, -20.7],
						"2.4583": [-10.4, 3.8, -18.5]
					}
				},
				"leftArm": {
					"rotation": {
						"0.0": [0, 0, 0],
						"0.375": [-12.5, 0, 0],
						"0.8333": [-3.51, 0, 0],
						"1.375": [-3.51, 0, 0],
						"1.8333": [-3.51, 0, 0],
						"2.2917": [0, 0, 0]
					},
					"position": {
						"0.0": [0, 0, 0],
						"0.375": [0, -7, 4],
						"0.5833": [0.31, -3.91, 3.85],
						"0.8333": [-1.5, -0.9, 3.5],
						"1.0": [-1.3, -3.2, 2.8],
						"1.375": [-1.5, -0.9, 3.5],
						"1.5417": [-1.3, -3.2, 2.8],
						"1.8333": [-1.5, -0.9, 3.5],
						"2.0": [-1.3, -3.2, 2.8],
						"2.2917": [0, 0, 0]
					}
				},
				"ReloadPatron2": {
					"rotation": {
						"0.0": [0, 0, 0],
						"0.25": [0, 0, 0]
					},
					"position": {
						"0.0": [0, 0, 0],
						"0.25": [0, 0, 0],
						"0.75": [0, 5.3, 0],
						"0.8333": [-3.1, 6.5, -2.5],
						"2.4583": [-4, 7, -7]
					}
				},
				"patrons2": {
					"position": [-38, -9, 0]
				},
				"ReloadPatron3": {
					"rotation": {
						"0.0": [0, 0, 0],
						"0.25": [0, 0, 0]
					},
					"position": {
						"0.0": [0, 0, 0],
						"0.25": [0, 0, 0],
						"0.9167": [0, 5.3, 0],
						"1.0": [-3.1, 6.5, -2.5]
					}
				},
				"patrons3": {
					"position": {
						"0.0": [-25, -4, -19],
						"0.8333": [-9, -9, -6],
						"1.0": [-0.4, -5.5, 0],
						"1.375": [-0.5, -3, 0]
					}
				},
				"ReloadPatron4": {
					"rotation": {
						"0.0": [0, 0, 0],
						"0.25": [0, 0, 0]
					},
					"position": {
						"0.0": [0, 0, 0],
						"0.25": [0, 0, 0],
						"1.0417": [0, 5.3, 0],
						"1.125": [-3.1, 6.5, -2.5],
						"1.2083": [0, 5.3, 0],
						"1.2917": [-3.1, 6.5, -2.5]
					}
				},
				"ReloadPatron5": {
					"rotation": {
						"0.0": [0, 0, 0],
						"0.25": [0, 0, 0]
					},
					"position": {
						"0.0": [-3, 2.3, -3],
						"0.25": [0, 0, 0]
					}
				},
				"ReloadPatron6": {
					"rotation": {
						"0.0": [0, 0, 0],
						"0.25": [0, 0, 0]
					},
					"position": {
						"0.0": [0, 0, 0],
						"0.25": [0, 0, 0]
					}
				},
				"ReloadPatron7": {
					"rotation": {
						"0.0": [0, 0, 0],
						"0.25": [0, 0, 0]
					},
					"position": {
						"0.0": [0, 0, 0],
						"0.25": [0, 0, 0]
					}
				},
				"patrons5": {
					"position": [-32, -16, 0]
				},
				"patrons6": {
					"position": {
						"0.0": [-26, -9, -27],
						"1.1667": [1, -9, 0],
						"1.5417": [2.6, 1, 2.6],
						"1.8333": [2.6, 3.5, 2.6]
					}
				},
				"patrons7": {
					"position": {
						"0.0": [-20, -8, 0],
						"0.5833": [1.2, 0, 1.2],
						"0.75": [2.07, 2.2, 1.7],
						"0.8333": [2.5, 3.6, 2.4],
						"1.8333": [2.5, 3.6, 2.4]
					}
				}
			}
		}
	}
}