{
	"format_version": "1.8.0",
	"animations": {
		"shot": {
			"animation_length": 1.125,
			"bones": {
				"bone3": {
					"rotation": {
						"0.0": [0, 0, 0],
						"0.375": [0, 0, 0]
					},
					"position": {
						"0.0": [0, 0, 0],
						"0.375": [0, 0, 0],
						"0.4583": [106, -12, 0],
						"0.5": [106, -15, 0],
						"0.625": [118, -7, 0]
					}
				},
				"main": {
					"rotation": {
						"0.0": [152.94529, 4.87383, 46.57019],
						"0.375": [152.94529, 4.87383, 46.57019],
						"0.5": [153.41476, 7.13093, 51.05666],
						"0.625": [152.94529, 4.87383, 46.57019],
						"1.0833": [152.94529, 4.87383, 46.57019]
					},
					"position": {
						"0.0": [8, -3, 1],
						"0.375": [8, -3, 1],
						"0.5": [7, -4, 0.5],
						"0.625": [8, -3, 1],
						"1.0833": [8, -3, 1]
					}
				}
			}
		}
	}
}