{
	"format_version": "1.8.0",
	"animations": {
		"animation.rpg.first_person_hold": {
			"loop": true,
			"animation_length": 1.5,
			"bones": {
				"root_item": {
					"rotation": [66, 60, -60],
					"position": [3, 23, 4]
				},
				"main": {
					"rotation": {
						"0.0": [29.61924, -6.93679, -136.438],
						"0.4167": [29.61924, -6.93679, -136.438],
						"0.5": [29.13424, -8.89961, -132.91895],
						"0.625": [29.26712, -8.41173, -133.80192],
						"0.7083": [29.61924, -6.93679, -136.438],
						"0.9583": [29.61924, -6.93679, -136.438]
					},
					"position": {
						"0.0": [-7.4, 5.95, -2.05],
						"0.4167": [-7.4, 5.95, -2.05],
						"0.5": [-7.8, 5.95, -2.025],
						"0.625": [-7.8, 5.95, -2.025],
						"0.7083": [-7.4, 5.95, -2.05],
						"0.9583": [-7.4, 5.95, -2.05]
					}
				},
				"ammo": {
					"position": {
						"0.0": [0, 0, 0],
						"0.4167": [0, 0, 0],
						"0.5": [0, 0, 0],
						"0.625": [-272, -20, 24],
						"0.6667": [-583, -20, 24]
					}
				}
			}
		},
		"animation.rpg.third_person_hold": {
			"loop": true,
			"bones": {
				"root_item": {
					"rotation": [90, 0, 0],
					"position": [0.5, 22.5, -0.5]
				}
			}
		},
		"reload": {
			"animation_length": 3,
			"bones": {
				"main": {
					"rotation": {
						"0.0": [29.61924, -6.93679, -136.438],
						"0.5": [-8.6024, -65.19846, -81.42617],
						"0.6667": [-6.32472, -55.28081, -84.03997],
						"1.75": [-6.32472, -55.28081, -84.03997],
						"2.4167": [29.61924, -6.93679, -136.438]
					},
					"position": {
						"0.0": [-7.4, 5.95, -2.05],
						"0.5": [1.9, 4.25, 7.25],
						"0.6667": [5.725, 5.55, 10.55],
						"1.75": [5.725, 5.55, 10.55],
						"2.4167": [-7.4, 5.95, -2.05]
					}
				},
				"ammo": {
					"rotation": {
						"0.0": [0, 0, 0],
						"0.5": [0, 0, -40],
						"1.0": [0, -17.5, 2.5],
						"1.5": [-0.92318, 0.41208, 1.50138]
					},
					"position": {
						"0.0": [0, -39, -38],
						"0.1667": [35.67, -37, -34.33],
						"0.5": [5, -33, -27],
						"1.0": [0.9, -5.7, -8.8],
						"1.5": [-7.325, -0.525, -0.2],
						"1.625": [-0.63, -0.52, -0.2]
					}
				},
				"LeftArm": {
					"rotation": {
						"0.0": [0, 0, 0],
						"1.0": [0, -32.5, 0],
						"1.2083": [0, -18.5, 0],
						"1.5": [0, -5.5, 0],
						"2.4167": [0, 0, 0]
					},
					"position": {
						"0.0": [0, 0, 0],
						"0.6667": [-4, 0, -13],
						"1.0": [-1.2, 2.04, -7.98],
						"1.5": [-14.225, 5.1, -0.15],
						"1.625": [-11.3, 5.1, -0.7],
						"1.75": [-7.6, 5.1, -0.7],
						"2.0": [-0.5, -0.4, -0.7],
						"2.4167": [0, 0, 0]
					}
				}
			}
		}
	}
}