{
	"format_version": "1.8.0",
	"animations": {
		"animation.agm.first_person_hold": {
			"loop": true,
			"animation_length": 3.0417,
			"bones": {
				"root_item": {
					"rotation": [66, 60, -60],
					"position": [3, 23, 4]
				},
				"main": {
					"rotation": {
						"0.0": [85.79, 61.52, -51.95],
						"1.0": [85.78924, 61.52426, -51.95493],
						"2.2917": [87.41589, 39.06059, -49.88109],
						"3.0": [85.79, 61.52, -51.95]
					},
					"position": {
						"0.0": [-8, 0, -20],
						"1.0": [-8, 0, -20],
						"3.0": [-8, 0, -20]
					}
				},
				"Reload": {
					"position": {
						"1.0": [0, 0, 0],
						"2.0": [0, 0, 5],
						"2.2083": [0, 0, 5],
						"3.0": [0, 0, 0]
					}
				},
				"patron": {
					"rotation": {
						"0.0": [0, 0, 0],
						"0.9583": [0, 0, 0],
						"2.0": [0, 0, 0],
						"2.2083": [0, 0, 0],
						"3.0": [0, 0, 0]
					},
					"position": {
						"0.9583": [0, 0, 0],
						"2.0": [0, 0, 0],
						"2.2083": [0, 0, 0]
					}
				},
				"patrons": {
					"rotation": {
						"0.0": [0, 0, 0],
						"2.0": [0, 0, 0],
						"2.2083": [0, 0, 0],
						"3.0": [155, -15, -180]
					},
					"position": {
						"0.0": [0, 0, 0],
						"2.0": [0, 0, 0],
						"2.2083": [3.2, -0.7, 0],
						"3.0": [5.9, -12.4, 0]
					}
				},
				"RightArm": {
					"rotation": {
						"0.0": [-20, 0, 0],
						"3.0": [-20, 0, 0]
					},
					"position": {
						"0.0": [0, -3.1, 2.1],
						"3.0": [0, -3.1, 2.1]
					}
				},
				"leftArm": {
					"rotation": {
						"0.0": [0, 0, 0],
						"3.0": [0, 0, 0]
					},
					"position": {
						"1.0": [0, 0, 0],
						"2.0": [0, 0, 4],
						"2.2083": [0, 0, 4],
						"3.0": [0, 0, 0]
					}
				},
				"bone": {
					"position": {
						"1.0": [0, 0, 0],
						"2.0": [0, 0, 2.9],
						"2.2083": [0, 0, 2.9],
						"2.4167": [0, 0, 2.9],
						"3.0417": [0, 0, -0.1]
					}
				}
			}
		},
		"animation.agm.third_person_hold": {
			"loop": true,
			"bones": {
				"root_item": {
					"rotation": [90, 0, 0],
					"position": [0.5, 22.5, -0.5]
				}
			}
		},
		"right_item": {
			"loop": true,
			"bones": {
				"main": {
					"rotation": [62.5, 0, 0],
					"position": [1, -6, -17]
				}
			}
		}
	}
}