{
	"format_version": "1.8.0",
	"animations": {
		"animation.ar_hold_third_person": {
			"loop": "hold_on_last_frame",
			"override_previous_animation": true,
			"bones": {
				"waist": {
					"rotation": ["-2.2693+q.target_x_rotation", "-7.4942+q.target_y_rotation-v.tcos02_fast/50", 0.29613],
					"position": ["0.01-v.tcos02_fast/200", "-v.tcos0_fast/200", 0]
				},
				"rightItem": {
					"rotation": [8.1512, 12.53305, 3.34278],
					"position": [0.37895, 0.33584, -0.23323]
				},
				"head": {
					"rotation": ["5.0429+q.target_x_rotation/4", "7.4713+q.target_y_rotation/4", 0.6574]
				},
				"leftArm_custom": {
					"rotation": [-61.18079, 28.13226, 16.6388],
					"position": [-1.53385, -0.8055, -3.70882]
				},
				"rightArm_custom": {
					"rotation": [-71.65915, -24.91276, 4.6442],
					"position": [-0.47311, 1.8613, 1.8996]
				},
				"rightArm_and_firearm": {
					"rotation": [-71.65915, -24.91276, 4.6442],
					"position": [-0.47311, 1.8613, 1.8996]
				},
				"body_rightArm": {
					"scale": 0
				},
				"magazine_leftArm": {
					"rotation": [-5.7505, 50.70527, -4.01962],
					"position": [-4.12596, -0.45149, -8.97637]
				},
				"charge_rightArm": {
					"rotation": [-8, -1.75, 12.5],
					"position": [-0.63789, -1.26025, -0.33145]
				},
				"body_leftArm": {
					"scale": 0
				}
			}
		},
		"animation.ar_hold_run_third_person": {
			"loop": "hold_on_last_frame",
			"override_previous_animation": true,
			"bones": {
				"waist": {
					"rotation": ["-2.2693+q.target_x_rotation", "-7.4942+q.target_y_rotation-v.tcos02_fast/5", "0.296133795-v.tcos02_fast/40"],
					"position": ["0.01+v.tcos02_fast/150", 0, 0]
				},
				"rightItem": {
					"rotation": [13.01404, 12.43907, "-10.7353+v.tcos02_fast/20"],
					"position": [1.10231, 1.61296, -0.25913]
				},
				"head": {
					"rotation": ["5.2929+q.target_x_rotation/4", "7.4713+q.target_y_rotation/4+v.tcos02_fast/5", "0.6573974174+v.tcos02_fast/80"],
					"position": ["-v.tcos02_fast/150", 0, 0]
				},
				"rightArm_custom": {
					"rotation": [-57.54318, -24.5181, "-15.3701035713-v.tcos02_fast/20"],
					"position": ["-0.6172736047-v.tcos02_fast/175", 1.16024, "1.7793484867+v.tcos02_fast/100"]
				},
				"leftArm_custom": {
					"rotation": [-50.87115, 3.76178, "14.9371-v.tcos02_fast/20"],
					"position": ["-0.6192844851-v.tcos02_fast/175", -0.41394, "-0.687224761-v.tcos02_fast/100"]
				},
				"rightArm_and_firearm": {
					"rotation": [-57.54318, -24.5181, "-15.3701035713-v.tcos02_fast/20"],
					"position": ["-0.6172736047-v.tcos02_fast/175", 1.16024, "1.7793484867+v.tcos02_fast/100"]
				},
				"body_rightArm": {
					"scale": 0
				},
				"magazine_leftArm": {
					"rotation": [1.7456, "53.774376764-v.tcos02_fast/20", 14.41861],
					"position": ["-4.26424721-v.tcos02_fast/175", "-1.2452966963+v.tcos02_fast/100", -10.43957]
				},
				"charge_rightArm": {
					"rotation": [-13, 13, 10],
					"position": [0.03347, -1.6537, -1.74367]
				},
				"body_leftArm": {
					"rotation": [-50.87115, 3.76178, "14.9371-v.tcos02_fast/20"],
					"position": ["-0.6192844851-v.tcos02_fast/175", -0.41394, "-0.687224761-v.tcos02_fast/100"],
					"scale": 0
				}
			}
		},
		"animation.ar_hipfire_third_person": {
			"loop": "hold_on_last_frame",
			"override_previous_animation": true,
			"bones": {
				"waist": {
					"rotation": ["-5.1799483317+q.target_x_rotation", "12.3913539591+q.target_y_rotation", -1.6575],
					"position": [0.01, 0, 0]
				},
				"rightItem": {
					"rotation": [-8.56663, -1.85522, 6.90599],
					"position": [0.59315, 0.29589, -0.47722]
				},
				"head": {
					"rotation": ["5.1207-q.target_x_rotation/7.5", "-12.4517-q.target_y_rotation/7.5", -1.10692]
				},
				"rightArm_and_firearm": {
					"rotation": [-73.78493, -18.25305, "-10.8783+v.tcos02/160"],
					"position": [0.10065, "0.2269-v.tcos0/360", 1.89567]
				},
				"body_rightArm": {
					"rotation": [-0.25, 0.75, -0.25],
					"position": [-0.02522, -0.02511, -0.02467]
				},
				"magazine_leftArm": {
					"rotation": [5.24998, "40.1731391372+v.tcos02/160", 8.52326],
					"position": [-5.16847, 0.07498, -7.62248]
				},
				"charge_rightArm": {
					"rotation": [8.5, -6.75, -3.5],
					"position": [-1.43471, 0.51904, -0.46021]
				},
				"body_leftArm": {
					"rotation": [-79.3767, 26.98169, "5.0708+v.tcos02/160"],
					"position": [-2.21784, "-0.1016-v.tcos0/240", -3.72404]
				},
				"leftArm_custom": {
					"rotation": [-80.20998, 27.60384, "4.3368+v.tcos02/160"],
					"position": [-2.15185, "-0.1561-v.tcos0/240", -3.75101]
				},
				"rightArm_custom": {
					"rotation": [-73.78493, -18.25305, "-10.8783+v.tcos02/160"],
					"position": [0.10065, "0.2269-v.tcos0/240", 1.89567]
				}
			}
		},
		"animation.ar_aim_third_person": {
			"loop": "hold_on_last_frame",
			"override_previous_animation": true,
			"bones": {
				"waist": {
					"rotation": ["-2.6208+q.target_x_rotation", "12.4517+q.target_y_rotation", -1.10692],
					"position": [0.01, -3, 0]
				},
				"rightItem": {
					"rotation": [3.40275, 10.9693, 4.07588],
					"position": [1.77894, 0.25181, -0.01547]
				},
				"head": {
					"rotation": ["5.1207-q.target_x_rotation/7.5", "-12.4517-q.target_y_rotation/7.5", -1.10692],
					"position": [-0.1203, -1.57291, 0.4974]
				},
				"leftArm_custom": {
					"rotation": [-90.20998, 27.60384, "4.3369+v.tcos02/160"],
					"position": [-1.58594, "-1.8348-v.tcos0/240", -3.27033]
				},
				"rightArm_custom": {
					"rotation": [-95.7194, -15.79974, "23.5505+v.tcos02/160"],
					"position": [0.45814, "-0.9868-v.tcos0/240", 2.89765]
				},
				"leftLeg": {
					"rotation": ["variable.tcos0 * -1.4", 0, 0],
					"position": [0, -1, 0]
				},
				"rightLeg": {
					"rotation": ["variable.tcos0 * 1.4", 0, 0],
					"position": [0, -1, 0]
				},
				"rightArm_and_firearm": {
					"rotation": [-95.7194, -15.79974, "23.5505+v.tcos02/160"],
					"position": [0.45814, "-0.9868-v.tcos0/240", 2.89765]
				},
				"body_rightArm": {
					"scale": 0
				},
				"magazine_leftArm": {
					"rotation": [-2.5, "40+v.tcos02/160", -9],
					"position": [-5.59359, 0.66795, -7.96552]
				},
				"charge_rightArm": {
					"rotation": [-3.25, -3.5, 11.25],
					"position": [-2.07415, -0.20099, -0.27306]
				},
				"body_leftArm": {
					"rotation": [-90.20998, 27.60384, "4.3369+v.tcos02/160"],
					"position": [-1.58594, "-1.8348-v.tcos0/240", -3.27033],
					"scale": 0
				}
			}
		},
		"animation.pistol_hold_third_person": {
			"loop": "hold_on_last_frame",
			"override_previous_animation": true,
			"bones": {
				"waist": {
					"rotation": ["-2.2693+q.target_x_rotation", "-7.4942+q.target_y_rotation-v.tcos02_fast/50", 0.29613],
					"position": ["0.01-v.tcos02_fast/200", "-v.tcos0_fast/200", 0]
				},
				"rightItem": {
					"rotation": [8.1512, 12.53305, 3.34278],
					"position": [0.37895, 0.33584, -0.23323]
				},
				"head": {
					"rotation": ["5.0429+q.target_x_rotation/4", "7.4713+q.target_y_rotation/4", 0.6574]
				},
				"rightArm_and_firearm": {
					"rotation": [-80.29501, -23.64065, 15.64963],
					"position": [-1.27404, -0.80867, 0.20989]
				},
				"body_rightArm": {
					"scale": 0
				},
				"magazine_leftArm": {
					"rotation": [8.51471, 71.65075, -4.38885],
					"position": [-2.90202, 2.14234, -5.74565]
				},
				"body_leftArm": {
					"scale": 0
				},
				"leftArm_custom": {
					"rotation": [-54.46025, 43.0019, 28.07089],
					"position": [-1.53385, -0.0555, -2.70882]
				},
				"rightArm_custom": {
					"rotation": [-71.65915, -24.91276, 4.6442],
					"position": [-0.47311, 0.3613, -0.1004]
				}
			}
		},
		"animation.pistol_hold_run_third_person": {
			"loop": "hold_on_last_frame",
			"override_previous_animation": true,
			"bones": {
				"waist": {
					"rotation": ["-2.2693+q.target_x_rotation", "-7.4942+q.target_y_rotation-v.tcos02_fast/5", "0.296133795-v.tcos02_fast/40"],
					"position": ["0.01+v.tcos02_fast/150", 0, 0]
				},
				"rightItem": {
					"rotation": [14.50439, 10.6527, "-3.3001+v.tcos02_fast/20"],