{
	"format_version": "1.8.0",
	"animations": {
		"animation.makarov.first_person_hold": {
			"loop": true,
			"animation_length": 1,
			"bones": {
				"root_item": {
					"rotation": [66, 60, -60],
					"position": [3, 23, 4]
				},
				"main": {
					"rotation": {
						"0.0": [151.81461, 2.93177, 40.46539],
						"0.4167": [151.81461, 2.93177, 40.46539],
						"1.0": [151.81461, 2.93177, 40.46539]
					},
					"position": {
						"0.0": [4, -1.9, 1.7],
						"0.4167": [4, -1.9, 1.7],
						"0.5": [3.9, -2.1, 1.7],
						"0.5833": [4, -1.9, 1.7],
						"1.0": [4, -1.9, 1.7]
					}
				},
				"reload": {
					"rotation": {
						"0.0": [0, 0, 0],
						"0.4167": [0, 0, 0],
						"0.6667": [0, 0, 0]
					},
					"position": {
						"0.0": [0, 0, 0],
						"0.4167": [0, 0, 0],
						"0.5": [-1, 0, 0],
						"0.5833": [0, 0, 0],
						"0.6667": [0, 0, 0]
					}
				}
			}
		},
		"animation.makarov.third_person_hold": {
			"loop": true,
			"bones": {
				"root_item": {
					"rotation": [90, 0, 0],
					"position": [0.5, 22.5, -0.5]
				}
			}
		}
	}
}